number,question,expected,should_answer,behaviour,ok,answer,sources,seconds,best_score,reason
1,How do I set up MFA on a new phone?,"Raise a ""Reset MFA"" ticket first; once resolved install Northwind Authenticator and scan the QR code (mfa_setup_guide.md)",True,answered,True,"To set up MFA on a new phone, follow these steps [1]:

1. Raise a ticket titled ""Reset MFA"" so the service desk can clear your old MFA registration [1]
2. Once the ticket is resolved, install Northwind Authenticator from the App Store or Google Play [1]
3. Sign in to any work app. When asked, scan the QR code shown on screen with the app [1]
4. Enter the six-digit code to finish [1]

When you first register, the app will show 8 single-use backup codes that you should store in the company password manager [2].",[1] mfa_setup_guide.md p.1; [2] mfa_setup_guide.md p.1,2.73,0.8013,
2,How long do you keep daily server backups?,30 days (backup_and_recovery_runbook.md),True,answered,True,Daily server backups are kept for 30 days [1].,[1] backup_and_recovery_runbook.md p.1,1.34,0.809,
3,My VPN keeps cutting out at home. What can I try?,Update NorthLink to 5.2+; use a cable or move closer to the router; switch protocol from Auto to TCP (vpn_troubleshooting.md),True,answered,True,"Here are steps to fix VPN disconnections at home:

1. **Check your NorthLink version** – Make sure you're running version 5.2 or later, as older versions drop connections on weak Wi-Fi [2].

2. **Improve your Wi-Fi signal** – Move closer to your router or connect with a network cable instead [2].

3. **Change the protocol** – Switch the protocol in NorthLink settings from ""Auto"" to ""TCP"". This fixes most random disconnects [2].

4. **Note the 12-hour limit** – VPN sessions disconnect automatically after 12 hours, so you'll need to reconnect and sign in again [4].

If these steps don't work, open a ticket on the service desk portal and attach the NorthLink log file (Help > Export logs) [1].",[1] vpn_troubleshooting.md p.1; [2] vpn_troubleshooting.md p.1; [4] Day06_Slide15_policy_vpn_remote_access.pdf p.1,2.45,0.73,
4,What laptop does a new starter get?,Standard 14-inch laptop (new_starter_checklist.md / laptop_standards.md),True,answered,True,"A new starter receives a **14-inch standard laptop with 16 GB memory and 512 GB storage running Windows 11** [2]. It comes with disk encryption, antivirus, and the company VPN pre-installed [2].

New starters also receive a headset and a docking station if they work on site [3].

If you need a Developer laptop instead (16-inch with 32 GB memory), that requires director approval [3].",[2] laptop_standards.md p.1; [3] new_starter_checklist.md p.1,5.02,0.7563,
5,I forgot my password and cannot sign in. What do I do?,Use the self-service page reset.northwind.example and approve MFA; if MFA fails contact the service desk (password_policy.md),True,answered,True,"To reset your forgotten password, follow these steps:

1. Go to the self-service page at reset.northwind.example [1]
2. Enter your work email and approve the MFA prompt [1]
3. Choose a new password that meets the policy requirements (at least 14 characters, not reusing your last 10 passwords) [1]

If you cannot pass the MFA step, contact the service desk. They will verify your identity with your manager before resetting your password [3]",[1] password_policy.md p.1; [3] password_policy.md p.1,2.08,0.7522,
6,How big a file can I email to a colleague?,25 MB attachment limit; use a NorthDrive link for larger files (email_and_calendar_faq.md),True,answered,True,"You can email attachments up to 25 MB [1]. For larger files, you should share a NorthDrive link instead [1].",[1] email_and_calendar_faq.md p.1,1.77,0.7442,
7,I lost my phone on the train - who do I call?,Call the service desk on extension 4357 straight away so MFA is locked (mfa_setup_guide.md),True,answered,True,"Call the service desk on extension 4357 straight away, at any hour [1]. They will lock your MFA registration so nobody else can use it [1].

If you're calling from outside the office, you can also use the external number 555-0143 [2].",[1] mfa_setup_guide.md p.1; [2] service_desk_hours_and_sla.md p.1,1.72,0.6082,
8,What is the salary band for a senior engineer?,Not in the documents - should decline,False,declined,True,I don't know: the documents don't cover that. Please contact the service desk on extension 4357 or servicedesk@northwind.example.,,0.11,0.523,guard 1: best score below minimum
9,Which printer should I use on floor 3?,Not in the documents (only floor 1 and floor 2 printers are covered) - should decline,False,declined,True,I don't know: the documents don't cover that. Please contact the service desk on extension 4357 or servicedesk@northwind.example.,,2.45,0.717,guard 2: model declined
10,Does Northwind support Linux laptops?,Not in the documents - should decline,False,declined,True,I don't know: the documents don't cover that. Please contact the service desk on extension 4357 or servicedesk@northwind.example.,,1.67,0.7129,guard 2: model declined
