id,question,expected_answer,expected_behaviour,bot_answer,declined,sources,context,human_correct,human_grounded
1,How long can a VPN session stay connected?,12 hours,answer,"A VPN session can stay connected for a maximum of 12 hours, after which you must sign in again with MFA [1].",no,"Day06_Slide15_policy_vpn_remote_access.pdf, page 1; Day06_Slide15_policy_vpn_remote_access.pdf, page 1","[1] (Day06_Slide15_policy_vpn_remote_access.pdf, page 1)
r VPN access. If you change your phone, raise a ticket to reset your MFA registration before you travel. 4. Session limits A VPN session stays connected for a maximum of 12 hours. After 12 hours the session is disconnected automatically and you must sign in again with MFA. Sessions that are idle for 60 minutes are also disconnected.

[2] (Day06_Slide15_policy_vpn_remote_access.pdf, page 1)
ystems from any network that is not the office network. This includes home broadband, mobile hotspots, hotel and café Wi-Fi. Internal systems include the intranet, shared drives, the ticketing system and all finance applications. 3. Multi-factor authentication Every VPN connection requires multi-factor authentication (MFA) using the company authenticator app. Text-message codes are not accepted for VPN access. If you change your phone, raise a ticket to reset your MFA registration before you tra",yes,yes
2,What is the minimum password length?,14 characters,answer,Passwords must be at least 14 characters long [1].,no,"Day06_Slide15_policy_password_and_accounts.pdf, page 1","[1] (Day06_Slide15_policy_password_and_accounts.pdf, page 1)
Password and Account Policy Version 3.2 · Owner: IT Department · Review: annually 1. Purpose This policy sets the rules for passwords, accounts and access rights for all company systems. 2. Password rules Passwords must be at least 14 characters long. Passphrases made of several unrelated words are encouraged. Passwords must be changed every 180 days, and immediately if you believe a password has been exposed. The last 10 passwords cannot be reused. 3. Account lockout An account is locked after",yes,yes
3,How many days before expiry should I renew my VPN certificate?,14 days,answer,Renew your VPN certificate at least 14 days before it expires [3].,no,"Day06_Slide15_policy_vpn_remote_access.pdf, page 2; Day06_Slide15_policy_vpn_remote_access.pdf, page 1","[1] (Day06_Slide15_policy_vpn_remote_access.pdf, page 2)
5. VPN certificates Each laptop holds a VPN certificate that is valid for 365 days. You must renew your certificate from the self-service portal at least 14 days before it expires. An expired certificate prevents the VPN from connecting; renew it from the office network or call the service desk. 6. Personal devices Personal devices may connect to the VPN only if the company endpoint agent is installed and reporting as healthy. Personal devices may never be used to store Confidential or Restricte

[2] (Day06_Slide15_policy_vpn_remote_access.pdf, page 1)
r VPN access. If you change your phone, raise a ticket to reset your MFA registration before you travel. 4. Session limits A VPN session stays connected for a maximum of 12 hours. After 12 hours the session is disconnected automatically and you must sign in again with MFA. Sessions that are idle for 60 minutes are also disconnected.",yes,no
4,How long does an account stay locked after five failed attempts?,15 minutes,answer,"The account unlocks automatically after 15 minutes, or the service desk can unlock it sooner after checking your identity.",no,"Day06_Slide15_policy_password_and_accounts.pdf, page 1","[1] (Day06_Slide15_policy_password_and_accounts.pdf, page 1)
been exposed. The last 10 passwords cannot be reused. 3. Account lockout An account is locked after 5 failed sign-in attempts. A locked account unlocks automatically after 15 minutes. If you need access sooner, call the service desk, who will verify your identity before unlocking it. 4. Multi-factor authentication MFA is required for email, the VPN and every system that holds Confidential or Restricted data. The company authenticator app is the only approved method.",yes,no
5,What is on the cafeteria menu this week?,Not in the documents,decline,I don't know: the documents don't cover that.,yes,,,yes,yes
6,How often are laptops replaced?,Every 4 years,answer,"Laptops are replaced every 3 years, or earlier if they fail [1].",no,"Day06_Slide15_policy_equipment_and_use.pdf, page 1","[1] (Day06_Slide15_policy_equipment_and_use.pdf, page 1)
Equipment and Acceptable Use Policy Version 3.2 · Owner: IT Department · Review: annually 1. Purpose This policy covers company-issued equipment and the acceptable use of company systems. 2. Laptops Each employee receives one company laptop. Laptops are replaced every 4 years, or earlier if they fail and cannot be repaired economically. Laptops must be locked when unattended and must not be left in vehicles. 3. Additional equipment A second monitor, docking station or headset can be requested th",no,no
7,What is the response target for a P1 incident?,15 minutes,answer,The response target for a P1 incident is 15 minutes [1]. Outside service desk hours you can also phone the CIO directly [2].,no,"Day06_Slide15_policy_it_support_slas.pdf, page 2; Day06_Slide15_policy_it_support_slas.pdf, page 1","[1] (Day06_Slide15_policy_it_support_slas.pdf, page 2)
4. Response and resolution targets P1: response within 15 minutes, resolution target 4 hours. P2: response within 1 hour, resolution target 1 business day. P3: response within 4 hours, resolution target 3 business days. P4: response within 1 business day, resolution target 10 business days. 5. Major incidents Every P1 incident receives a major incident review within 5 business days of resolution. The review records the timeline, root cause and follow-up actions. 6. How to raise a ticket Raise ti

[2] (Day06_Slide15_policy_it_support_slas.pdf, page 1)
IT Support and Service Level Policy Version 3.2 · Owner: IT Department · Review: annually 1. Purpose This policy explains how to get IT support and how quickly the service desk responds. 2. Service desk hours The service desk is open from 08:00 to 20:00 IST, Monday to Friday. Outside these hours, only P1 incidents are handled, through the on-call number published on the intranet IT page. 3. Priorities Every ticket is given a priority. P1 means a critical service is down for many users. P2 means",yes,no
8,How many parking spaces does each team get?,Not in the documents,decline,"Each team gets 4 parking spaces, requested through an equipment request ticket [1].",no,"Day06_Slide15_policy_equipment_and_use.pdf, page 1","[1] (Day06_Slide15_policy_equipment_and_use.pdf, page 1)
n vehicles. 3. Additional equipment A second monitor, docking station or headset can be requested through an equipment request ticket. Requests require approval from your manager. Standard items are delivered within 5 working days. 4. Damage and loss Damaged, lost or stolen equipment must be reported to the service desk within 24 hours. Lost or stolen devices are wiped remotely.",no,no
9,Can I email Confidential data outside the company?,Not unless it is encrypted,answer,"Only if it is encrypted: Confidential information must not be emailed outside the company unless it is encrypted [1]. For external transfers, use the approved file-sharing service [1].",no,"Day06_Slide15_policy_data_handling.pdf, page 1; Day06_Slide15_policy_data_handling.pdf, page 1","[1] (Day06_Slide15_policy_data_handling.pdf, page 1)
nfidential information includes customer data and contracts. Restricted information includes payment data, passwords and security keys. 3. Sharing Confidential information must not be emailed outside the company unless it is encrypted. Restricted information must never be emailed. Use the approved file-sharing service for external transfers.

[2] (Day06_Slide15_policy_data_handling.pdf, page 1)
Data Handling and Classification Policy Version 3.2 · Owner: IT Department · Review: annually 1. Purpose This policy explains how company and customer information must be classified, shared, kept and disposed of. 2. Classification levels All information is classified as Public, Internal, Confidential or Restricted. Public information may be shared freely. Internal information is for staff only. Confidential information includes customer data and contracts. Restricted information includes payment",yes,yes
10,How long are system logs kept?,1 year,answer,System and security logs are kept for 1 year [2].,no,"Day06_Slide15_policy_data_handling.pdf, page 2; Day06_Slide15_policy_data_handling.pdf, page 2","[1] (Day06_Slide15_policy_data_handling.pdf, page 2)
od ends. 6. Disposal Paper containing Confidential or Restricted information goes in the locked shredding bins. Laptops, disks and other media are wiped and disposed of by IT; never throw them away yourself.

[2] (Day06_Slide15_policy_data_handling.pdf, page 2)
4. AI tools Customer data, Confidential and Restricted information must never be pasted into public AI tools. Only the AI tools on the approved list in the company portal may be used with Internal information. 5. Retention Support tickets are kept for 3 years. System and security logs are kept for 1 year. Contracts are kept for 7 years after they end. Information is deleted when its retention period ends. 6. Disposal Paper containing Confidential or Restricted information goes in the locked shre",yes,yes
11,How long do I have to wait if my account gets locked?,15 minutes,answer,A locked account unlocks automatically after 15 minutes [1].,no,"Day06_Slide15_policy_vpn_remote_access.pdf, page 1; Day06_Slide15_policy_password_and_accounts.pdf, page 1","[1] (Day06_Slide15_policy_vpn_remote_access.pdf, page 1)
r VPN access. If you change your phone, raise a ticket to reset your MFA registration before you travel. 4. Session limits A VPN session stays connected for a maximum of 12 hours. After 12 hours the session is disconnected automatically and you must sign in again with MFA. Sessions that are idle for 60 minutes are also disconnected.

[2] (Day06_Slide15_policy_password_and_accounts.pdf, page 1)
been exposed. The last 10 passwords cannot be reused. 3. Account lockout An account is locked after 5 failed sign-in attempts. A locked account unlocks automatically after 15 minutes. If you need access sooner, call the service desk, who will verify your identity before unlocking it. 4. Multi-factor authentication MFA is required for email, the VPN and every system that holds Confidential or Restricted data. The company authenticator app is the only approved method.",yes,no
12,How often must passwords be changed?,Every 180 days,answer,I don't know: the documents don't cover that.,yes,"Day06_Slide15_policy_password_and_accounts.pdf, page 1","[1] (Day06_Slide15_policy_password_and_accounts.pdf, page 1)
Password and Account Policy Version 3.2 · Owner: IT Department · Review: annually 1. Purpose This policy sets the rules for passwords, accounts and access rights for all company systems. 2. Password rules Passwords must be at least 14 characters long. Passphrases made of several unrelated words are encouraged. Passwords must be changed every 180 days, and immediately if you believe a password has been exposed. The last 10 passwords cannot be reused. 3. Account lockout An account is locked after",no,yes
