question,previous_question,kind,expected_source,evidence,expected_answer,mode,searched_for,rank,hit,rr,ms,model_calls,top_source
How do I set up MFA on a new phone?,,plain,mfa_setup_guide.md,install Northwind Authenticator from the App Store,"Raise a Reset MFA ticket, install Northwind Authenticator, scan the QR code",vector,How do I set up MFA on a new phone?,1,True,1.0,2412,0,"mfa_setup_guide.md, page 1"
How long do you keep daily server backups?,,plain,backup_and_recovery_runbook.md,kept for 30 days,30 days,vector,How long do you keep daily server backups?,1,True,1.0,2172,0,"backup_and_recovery_runbook.md, page 1"
My VPN keeps cutting out at home. What can I try?,,plain,vpn_troubleshooting.md,Switch the protocol in NorthLink settings,"Update NorthLink, use a cable, switch protocol from Auto to TCP",vector,My VPN keeps cutting out at home. What can I try?,2,True,0.5,2136,0,"vpn_troubleshooting.md, page 1"
What laptop does a new starter get?,,plain,new_starter_checklist.md,"14-inch standard laptop, a headset","14-inch standard laptop, headset and docking station",vector,What laptop does a new starter get?,3,True,0.333,2138,0,"new_starter_checklist.md, page 1"
I forgot my password and cannot sign in. What do I do?,,plain,password_policy.md,self-service page at reset.northwind.example,Use the self-service page and approve MFA,vector,I forgot my password and cannot sign in. What do I do?,1,True,1.0,2146,0,"password_policy.md, page 1"
How big a file can I email to a colleague?,,plain,email_and_calendar_faq.md,25 MB. For larger files,25 MB; use a NorthDrive link for larger files,vector,How big a file can I email to a colleague?,1,True,1.0,2120,0,"email_and_calendar_faq.md, page 1"
How early should I refresh the security certificate on my work laptop for remote access?,,reworded,Day06_Slide15_policy_vpn_remote_access.pdf,at least 14 days before it expires,At least 14 days before it expires,vector,How early should I refresh the security certificate on my work laptop for remote access?,1,True,1.0,2131,0,"Day06_Slide15_policy_vpn_remote_access.pdf, page 2"
"If I accidentally delete a document, how long can I get it back?",,reworded,file_sharing_and_storage.md,stay in the recycle bin for 93 days,93 days,vector,"If I accidentally delete a document, how long can I get it back?",1,True,1.0,2164,0,"file_sharing_and_storage.md, page 1"
Am I allowed to paste customer information into a public chatbot?,,reworded,Day06_Slide15_policy_data_handling.pdf,must never be pasted into public AI tools,"No, never",vector,Am I allowed to paste customer information into a public chatbot?,1,True,1.0,2141,0,"Day06_Slide15_policy_data_handling.pdf, page 2"
What should I do if my laptop's battery looks puffed up?,,reworded,Day06_Slide15_policy_equipment_and_use.pdf,stop using the laptop immediately,"Stop using it, do not charge it, bring it to the IT desk",vector,What should I do if my laptop's battery looks puffed up?,1,True,1.0,2154,0,"Day06_Slide15_policy_equipment_and_use.pdf, page 2"
What does error VPN-809 mean?,,exact code,Day07_Slide05_kb_error_codes.pdf,VPN certificate on this laptop has expired,The VPN certificate has expired,vector,What does error VPN-809 mean?,3,True,0.333,2133,0,"vpn_troubleshooting.md, page 1"
How do I fix NET-2240?,,exact code,Day07_Slide05_kb_error_codes.pdf,run ipconfig /flushdns from a command prompt,"Restart the laptop, then run ipconfig /flushdns",vector,How do I fix NET-2240?,1,True,1.0,2148,0,"Day07_Slide05_kb_error_codes.pdf, page 2"
"I keep getting WIFI-117, what now?",,exact code,Day07_Slide05_kb_error_codes.pdf,Guest Wi-Fi access lasts 8 hours,Guest access expired; register again at the reception kiosk,vector,"I keep getting WIFI-117, what now?",1,True,1.0,2160,0,"Day07_Slide05_kb_error_codes.pdf, page 2"
What is VPN-820?,,exact code,Day07_Slide05_kb_error_codes.pdf,endpoint agent on this device is missing or not reporting as healthy,Device health check failed; update the endpoint agent,vector,What is VPN-820?,1,True,1.0,2136,0,"Day07_Slide05_kb_error_codes.pdf, page 1"
How do I fix that if I'm not in the office?,What does error VPN-809 mean?,follow-up,Day07_Slide05_kb_error_codes.pdf,call the service desk to renew it remotely,Call the service desk to renew the certificate remotely,vector,How do I fix that if I'm not in the office?,,False,0.0,2151,0,"Day07_Slide05_kb_error_codes.pdf, page 2"
And for P3?,What is the first response time for a P1 ticket?,follow-up,Day06_Slide15_policy_it_support_slas.pdf,P3: response within 4 hours,4 hours,vector,And for P3?,,False,0.0,2161,0,"Day06_Slide15_policy_it_support_slas.pdf, page 1"
What if I lose the phone instead?,How do I set up MFA on a new phone?,follow-up,mfa_setup_guide.md,Call the service desk on extension 4357 straight away,Call the service desk on extension 4357 straight away,vector,What if I lose the phone instead?,1,True,1.0,2143,0,"mfa_setup_guide.md, page 1"
"hey, quick one, i've had my laptop forever and it's slow lol. is there like a schedule for swapping them out, and does IT warn me first??",,messy,laptop_standards.md,about 2 months before your replacement,Every 4 years; IT contacts you about 2 months before,vector,"hey, quick one, i've had my laptop forever and it's slow lol. is there like a schedule for swapping them out, and does IT warn me first??",1,True,1.0,2154,0,"laptop_standards.md, page 1"
"hello, i'm stuck at an airport hotel and the vpn just wont connect, says cannot reach server or something, any ideas thanks",,messy,vpn_troubleshooting.md,firewall or hotel/airport network is blocking the VPN,Try your phone's hotspot,vector,"hello, i'm stuck at an airport hotel and the vpn just wont connect, says cannot reach server or something, any ideas thanks",1,True,1.0,2151,0,"vpn_troubleshooting.md, page 1"
"Morning! got a weird email asking me to confirm my password, i did click the link already, panicking a bit, what do i do?",,messy,phishing_and_security_reporting.md,If you already clicked a link or entered your password,Change your password and call the service desk on extension 4357,vector,"Morning! got a weird email asking me to confirm my password, i did click the link already, panicking a bit, what do i do?",1,True,1.0,2118,0,"phishing_and_security_reporting.md, page 1"
